month_year,product_category_name,unit_price,comp_1,comp_2,comp_3,price_diff_vs_comp1,price_diff_vs_comp2,price_diff_vs_comp3,qty,freight_price,profit
2017-05-01,bed_bath_table,45.95,89.9,215.0,45.95,-43.95,-169.05,0.0,1,15.1,30.85
2017-06-01,bed_bath_table,45.95,89.9,209.0,45.95,-43.95,-163.05,0.0,3,12.93333333,99.05000001000002
2017-07-01,bed_bath_table,45.95,89.9,205.0,45.95,-43.95,-159.05,0.0,6,14.84,186.66000000000003
2017-08-01,bed_bath_table,45.95,89.9,199.5098039,45.95,-43.95,-153.55980390000002,0.0,4,14.2875,126.65
2017-09-01,bed_bath_table,45.95,89.9,163.3987097,45.95,-43.95,-117.44870970000001,0.0,2,15.1,61.7
2017-10-01,bed_bath_table,45.95,89.9,45.95,45.95,-43.95,0.0,0.0,3,15.1,92.55000000000001
2017-11-01,bed_bath_table,40.53181818,89.9,40.53181818,40.53181818,-49.368181820000004,0.0,0.0,11,15.83272727,271.69000001
2017-12-01,bed_bath_table,39.99,88.48823529,39.99,39.99,-48.498235290000004,0.0,0.0,6,15.23,148.56
2018-01-01,bed_bath_table,39.99,86.9,39.99,39.99,-46.910000000000004,0.0,0.0,19,16.53368421,445.67000001
2018-02-01,bed_bath_table,39.99,86.9,39.99,39.99,-46.910000000000004,0.0,0.0,18,13.74944444,472.3300000800001
2018-03-01,bed_bath_table,39.99,86.9,39.99,39.99,-46.910000000000004,0.0,0.0,17,16.46235294,399.97000002000004
2018-04-01,bed_bath_table,39.99,85.045,39.99,39.99,-45.055,0.0,0.0,13,14.23615385,334.79999995000003
2018-05-01,bed_bath_table,39.99,83.64961538,39.99,39.99,-43.65961538,0.0,0.0,19,10.25631579,564.93999999
2018-06-01,bed_bath_table,39.99,79.9,39.99,39.99,-39.910000000000004,0.0,0.0,5,13.998,129.96000000000004
2018-07-01,bed_bath_table,39.99,77.93333333,39.99,39.99,-37.943333329999994,0.0,0.0,8,20.4175,156.58
2018-08-01,bed_bath_table,39.24,74.0,39.24,39.24,-34.76,0.0,0.0,8,16.33375,183.25000000000003
2017-03-01,garden_tools,69.9,69.9,69.9,69.9,0.0,0.0,0.0,6,32.68,223.32000000000005
2017-04-01,garden_tools,82.63333333,82.63333333,82.63333333,82.63333333,0.0,0.0,0.0,3,34.21666667,145.24999997999998
2017-05-01,garden_tools,97.58823529,59.9,59.9,97.58823529,37.68823529,37.68823529,0.0,20,39.8975,1153.8147058
2017-06-01,garden_tools,89.0,59.9,59.9,89.0,29.1,29.1,0.0,8,40.80125,385.59
2017-07-01,garden_tools,89.0,59.9,59.9,59.9,29.1,29.1,29.1,10,39.156,498.44
2017-08-01,garden_tools,97.33333333,59.9,59.9,59.9,37.43333333,37.43333333,37.43333333,7,39.5,404.83333331
2017-09-01,garden_tools,99.0,59.9,59.9,59.9,39.1,39.1,39.1,9,39.01888889,539.82999999
2017-10-01,garden_tools,99.0,59.9,59.9,59.9,39.1,39.1,39.1,14,45.77642857,745.13000002
2017-11-01,garden_tools,99.0,52.40694444,53.64828125,53.78571429,46.59305556,45.35171875,45.21428571,17,32.86352941,1124.32000003
2017-12-01,garden_tools,99.0,55.1,55.425,55.75,43.9,43.575,43.25,11,38.05545455,670.38999995
2018-01-01,garden_tools,99.5,49.9,49.9,49.9,49.6,49.6,49.6,4,41.54,231.84
2018-02-01,garden_tools,101.0,50.54516129,50.9,50.35714286,50.45483871,50.1,50.64285714,2,43.555,114.89
2018-03-01,garden_tools,101.0,53.9,53.9,53.9,47.1,47.1,47.1,1,67.02,33.980000000000004
2018-04-01,garden_tools,101.0,53.9,53.9,53.9,47.1,47.1,47.1,1,79.76,21.239999999999995
2017-07-01,consoles_games,19.9,19.9,19.9,19.9,0.0,0.0,0.0,13,13.47307692,83.55000003999997
2017-08-01,consoles_games,19.9,19.9,19.9,19.9,0.0,0.0,0.0,24,16.16375,89.66999999999996
2017-09-01,consoles_games,19.9,19.9,19.9,19.9,0.0,0.0,0.0,9,16.13333333,33.900000029999994
2017-10-01,consoles_games,21.54285714,21.54285714,20.66666667,21.54285714,0.0,0.8761904699999974,0.0,28,13.53428571,224.24000003999996
2017-11-01,consoles_games,24.5,24.5,24.5,24.5,0.0,0.0,0.0,28,13.64535714,303.93000008
2017-12-01,consoles_games,24.5,24.5,24.5,24.5,0.0,0.0,0.0,16,12.87375,186.02
2018-02-01,consoles_games,32.5,32.5,32.5,32.5,0.0,0.0,0.0,5,15.256,86.22
2018-03-01,consoles_games,32.5,32.5,32.74285714,32.5,0.0,-0.24285713999999814,0.0,6,18.05666667,86.65999998000001
2018-04-01,consoles_games,35.05714286,35.05714286,34.2,35.05714286,0.0,0.8571428599999962,0.0,7,12.98571429,154.49999999
2018-05-01,consoles_games,36.2,36.2,36.2,36.2,0.0,0.0,0.0,3,15.87,60.990000000000016
2018-06-01,consoles_games,36.2,36.2,36.2,36.2,0.0,0.0,0.0,2,18.35,35.7
2018-07-01,consoles_games,36.2,36.2,36.2,36.2,0.0,0.0,0.0,1,22.18,14.020000000000003
2017-04-01,garden_tools,59.9,59.9,59.9,59.9,0.0,0.0,0.0,1,17.16,42.739999999999995
2017-05-01,garden_tools,59.9,59.9,59.9,59.9,0.0,0.0,0.0,1,13.44,46.46
2017-07-01,garden_tools,59.9,59.9,59.9,59.9,0.0,0.0,0.0,4,17.67,168.92
2017-08-01,garden_tools,59.9,59.9,59.9,59.9,0.0,0.0,0.0,6,16.26,261.84000000000003
2017-09-01,garden_tools,59.9,59.9,59.9,59.9,0.0,0.0,0.0,5,16.782,215.58999999999997
2017-10-01,garden_tools,59.9,59.9,59.9,59.9,0.0,0.0,0.0,11,14.80727273,496.01999996999996
2017-11-01,garden_tools,51.32222222,52.40694444,53.64828125,53.78571429,-1.0847222199999962,-2.326059029999996,-2.463492070000001,20,16.016,706.1244444
2017-12-01,garden_tools,56.97777778,55.1,55.425,55.75,1.8777777799999953,1.5527777799999996,1.2277777799999967,10,18.103,388.74777779999994
2018-01-01,garden_tools,49.9,49.9,49.9,49.9,0.0,0.0,0.0,11,21.98272727,307.09000002999994
2018-02-01,garden_tools,51.4,50.54516129,50.9,50.35714286,0.8548387099999957,0.5,1.0428571399999953,8,14.08375,298.53
2018-03-01,garden_tools,53.9,53.9,53.9,53.9,0.0,0.0,0.0,3,21.35,97.64999999999999
2018-04-01,garden_tools,53.9,53.9,53.9,53.9,0.0,0.0,0.0,8,19.56375,274.69
2018-05-01,garden_tools,52.9,53.41515152,53.70952381,53.05789474,-0.5151515200000034,-0.8095238100000017,-0.15789474000000325,9,16.46,327.96
2018-06-01,garden_tools,49.9,49.9,49.9,49.9,0.0,0.0,0.0,5,23.122,133.89
2018-07-01,garden_tools,49.9,49.91,49.9,49.9,-0.00999999999999801,0.0,0.0,6,20.99,173.46
2018-08-01,garden_tools,49.9,49.91,49.9,49.9,-0.00999999999999801,0.0,0.0,7,24.48142857,177.93000001000001
2017-02-01,health_beauty,19.99,19.99,19.99,64.99,0.0,0.0,-45.0,11,11.75090909,90.63000000999997
2017-03-01,health_beauty,19.99,19.99,89.99,64.99,0.0,-70.0,-45.0,9,13.81888889,55.539999989999984
2017-04-01,health_beauty,19.99,19.99,19.99,64.99,0.0,0.0,-45.0,13,18.03846154,25.369999979999978
2017-05-01,health_beauty,19.99,19.99,89.99,64.99,0.0,-70.0,-45.0,16,14.8475,82.27999999999997
2017-06-01,health_beauty,19.99,19.99,89.99,58.79952381,0.0,-70.0,-38.80952381,21,12.68333333,153.44000006999997
2017-07-01,health_beauty,19.99,19.99,89.99,59.25666667,0.0,-70.0,-39.266666670000006,29,11.13517241,256.79000011
2017-08-01,health_beauty,23.39740741,23.39740741,89.99,58.99,0.0,-66.59259259,-35.59259259,28,14.27678571,255.37740759999997
2017-09-01,health_beauty,23.99,23.99,89.99,58.99,0.0,-66.0,-35.0,24,16.12,188.87999999999994
2017-10-01,health_beauty,23.99,23.99,89.99,58.99,0.0,-66.0,-35.0,27,13.13666667,293.03999990999995
2017-11-01,health_beauty,23.99,23.99,89.99,58.99,0.0,-66.0,-35.0,28,12.37535714,325.21000007999993
2017-12-01,health_beauty,23.99,23.99,89.99,58.99,0.0,-66.0,-35.0,19,12.45684211,219.12999990999998
2018-01-01,health_beauty,23.99,23.99,89.99,58.99,0.0,-66.0,-35.0,19,11.28736842,241.35000001999998
2018-02-01,health_beauty,23.99,23.99,89.99,58.99,0.0,-66.0,-35.0,14,12.55,160.15999999999997
2018-03-01,health_beauty,23.99,23.99,83.74,58.99,0.0,-59.75,-35.0,8,14.19875,78.32999999999998
2018-05-01,health_beauty,23.99,23.99,79.99,58.99,0.0,-56.0,-35.0,7,7.988571429,112.009999997
2018-06-01,health_beauty,23.99,23.99,79.99,58.99,0.0,-56.0,-35.0,3,16.27,23.159999999999997
2018-07-01,health_beauty,23.99,23.99,79.99,58.99,0.0,-56.0,-35.0,3,18.81,15.54
2018-08-01,health_beauty,23.99,23.99,82.82142857,58.99,0.0,-58.83142857,-35.0,2,16.77,14.439999999999998
2017-07-01,cool_stuff,134.99,99.99,129.99,134.99,35.000000000000014,5.0,0.0,1,15.7,119.29
2017-08-01,cool_stuff,134.99,99.99,116.9275,134.99,35.000000000000014,18.062500000000014,0.0,1,15.7,119.29
2017-10-01,cool_stuff,146.99,99.99,119.99,146.99,47.000000000000014,27.000000000000014,0.0,12,18.755,1538.8200000000002
2017-11-01,cool_stuff,157.3603704,99.99,129.99,157.3603704,57.3703704,27.370370399999985,0.0,27,20.83703704,3686.1300007199993
2017-12-01,cool_stuff,166.99,99.99,129.99,166.99,67.00000000000001,37.0,0.0,29,24.47137931,4133.04000001
2018-01-01,cool_stuff,166.99,99.99,129.99,29.5,67.00000000000001,37.0,137.49,13,25.28615385,1842.1499999500002
2018-02-01,cool_stuff,176.99,99.99,129.99,176.99,77.00000000000001,47.0,0.0,8,22.87625,1232.91
2018-03-01,cool_stuff,173.8081818,99.99,129.99,35.0,73.8181818,43.81818179999999,138.8081818,11,23.95454545,1648.3899998499999
2018-04-01,cool_stuff,169.99,89.86333333,129.99,35.0,80.12666667,40.0,134.99,6,24.87833333,870.6700000200001
2018-01-01,health_beauty,110.99,23.99,89.99,58.99,87.0,21.0,51.99999999999999,1,44.63,66.35999999999999
2018-02-01,health_beauty,110.99,23.99,89.99,58.99,87.0,21.0,51.99999999999999,2,20.55,180.88
2018-03-01,health_beauty,110.99,23.99,83.74,58.99,87.0,27.25,51.99999999999999,9,38.19222222,655.1800000199999
2018-04-01,health_beauty,116.5284615,116.5284615,79.99,58.99,0.0,36.53846150000001,57.538461500000004,13,37.09153846,1032.6799995200001
2018-05-01,health_beauty,119.99,23.99,79.99,58.99,96.0,40.0,60.99999999999999,23,31.5826087,2033.3699999
2018-06-01,health_beauty,122.99,23.99,79.99,58.99,99.0,43.0,63.99999999999999,43,35.51837209,3761.2800001299997
2018-07-01,health_beauty,122.99,23.99,79.99,58.99,99.0,43.0,63.99999999999999,33,33.01,2969.3399999999997
2018-08-01,health_beauty,122.99,23.99,82.82142857,58.99,99.0,40.16857143,63.99999999999999,32,36.941875,2753.54
2017-06-01,perfumery,56.99,56.99,56.99,56.99,0.0,0.0,0.0,4,18.4525,154.15
2017-07-01,perfumery,56.99,56.99,56.99,56.99,0.0,0.0,0.0,7,11.75,316.68
2017-08-01,perfumery,56.99,56.99,142.5,56.99,0.0,-85.50999999999999,0.0,7,13.58857143,303.80999999
2017-09-01,perfumery,56.99,56.99,142.5,56.99,0.0,-85.50999999999999,0.0,17,13.74117647,735.23000001
2017-10-01,perfumery,56.99,56.99,142.5,56.99,0.0,-85.50999999999999,0.0,17,12.29294118,759.8499999400001
2017-11-01,perfumery,56.99,56.99,118.05,56.99,0.0,-61.059999999999995,0.0,20,12.714,885.5200000000001
2017-12-01,perfumery,56.99,56.99,118.0,56.99,0.0,-61.01,0.0,24,13.82,1036.08
2018-01-01,perfumery,56.99,56.99,117.9,56.99,0.0,-60.910000000000004,0.0,10,12.215,447.75000000000006
2018-02-01,perfumery,56.99,56.99,117.8888889,56.99,0.0,-60.898888899999996,0.0,4,14.5575,169.73000000000002
2018-03-01,perfumery,50.49,50.49,117.7,50.49,0.0,-67.21000000000001,0.0,14,15.19642857,494.11000002000003
2018-04-01,perfumery,49.99,49.99,117.975,49.99,0.0,-67.98499999999999,0.0,2,13.665,72.65
2018-07-01,perfumery,49.99,49.99,118.7,49.99,0.0,-68.71000000000001,0.0,8,12.5225,299.74
2018-08-01,perfumery,49.99,49.99,116.9066667,49.99,0.0,-66.91666670000001,0.0,4,12.28,150.84
2017-04-01,cool_stuff,99.99,99.99,129.99,99.99,0.0,-30.000000000000014,0.0,2,21.17,157.64
2017-05-01,cool_stuff,99.99,99.99,129.99,99.99,0.0,-30.000000000000014,0.0,18,15.57722222,1519.4300000399999
2017-06-01,cool_stuff,99.99,99.99,129.99,99.99,0.0,-30.000000000000014,0.0,11,20.49090909,874.4900000099999
2017-07-01,cool_stuff,99.99,99.99,129.99,99.99,0.0,-30.000000000000014,0.0,14,19.91214286,1121.08999996
2017-08-01,cool_stuff,99.99,99.99,116.9275,99.99,0.0,-16.9375,0.0,8,18.22875,654.0899999999999
2017-09-01,cool_stuff,99.99,99.99,99.99,29.5,0.0,0.0,70.49,6,17.78166667,493.2499999799999
2017-10-01,cool_stuff,99.99,99.99,119.99,99.99,0.0,-20.0,0.0,9,18.51888889,733.23999999
2017-11-01,cool_stuff,99.99,99.99,129.99,99.99,0.0,-30.000000000000014,0.0,2,17.45,165.07999999999998
2017-12-01,cool_stuff,99.99,99.99,129.99,99.99,0.0,-30.000000000000014,0.0,3,17.95,246.11999999999998
2018-01-01,cool_stuff,99.99,99.99,129.99,29.5,0.0,-30.000000000000014,70.49,6,15.90166667,504.52999997999996
2018-02-01,cool_stuff,99.99,99.99,129.99,99.99,0.0,-30.000000000000014,0.0,9,19.08111111,728.18000001
2018-03-01,cool_stuff,97.952,99.99,129.99,35.0,-2.0379999999999967,-32.03800000000001,62.952,5,17.592,401.8
2018-04-01,cool_stuff,84.6925,89.86333333,129.99,35.0,-5.170833330000008,-45.297500000000014,49.692499999999995,4,18.195,265.99
2017-03-01,health_beauty,89.99,19.99,89.99,64.99,70.0,0.0,25.0,6,13.02,461.82
2017-05-01,health_beauty,89.99,19.99,89.99,64.99,70.0,0.0,25.0,6,16.09833333,443.3500000199999
2017-06-01,health_beauty,89.99,19.99,89.99,58.79952381,70.0,0.0,31.19047619,9,14.16333333,682.44000003
2017-07-01,health_beauty,89.99,19.99,89.99,59.25666667,70.0,0.0,30.733333329999994,17,12.11882353,1323.8099999899998
2017-08-01,health_beauty,89.99,23.39740741,89.99,58.99,66.59259259,0.0,30.999999999999993,18,13.41055556,1378.4299999199998
2017-09-01,health_beauty,89.99,23.99,89.99,58.99,66.0,0.0,30.999999999999993,21,13.96428571,1596.54000009
2017-10-01,health_beauty,89.99,23.99,89.99,58.99,66.0,0.0,30.999999999999993,24,16.56291667,1762.2499999199997
2017-11-01,health_beauty,89.99,23.99,89.99,58.99,66.0,0.0,30.999999999999993,26,16.99038462,1897.98999988
2017-12-01,health_beauty,89.99,23.99,89.99,58.99,66.0,0.0,30.999999999999993,19,15.89473684,1407.81000004
2018-01-01,health_beauty,89.99,23.99,89.99,58.99,66.0,0.0,30.999999999999993,20,14.811,1503.58
2018-02-01,health_beauty,89.99,23.99,89.99,58.99,66.0,0.0,30.999999999999993,17,16.30764706,1252.5999999799997
2018-03-01,health_beauty,83.74,23.99,83.74,58.99,59.75,0.0,24.749999999999993,16,11.876875,1149.81
2018-04-01,health_beauty,79.99,79.99,79.99,58.99,0.0,0.0,20.999999999999993,14,14.485,917.0699999999999
2018-05-01,health_beauty,79.99,23.99,79.99,58.99,56.0,0.0,20.999999999999993,16,21.943125,928.75
2018-06-01,health_beauty,79.99,23.99,79.99,58.99,56.0,0.0,20.999999999999993,13,13.36230769,866.16000003
2018-07-01,health_beauty,79.99,23.99,79.99,58.99,56.0,0.0,20.999999999999993,10,16.745,632.4499999999999
2018-08-01,health_beauty,82.82142857,23.99,82.82142857,58.99,58.83142857,0.0,23.831428569999993,7,12.41857143,492.81999998
2017-07-01,garden_tools,59.9,59.9,59.9,59.9,0.0,0.0,0.0,13,15.39230769,578.6000000299999
2017-08-01,garden_tools,59.9,59.9,59.9,59.9,0.0,0.0,0.0,23,18.05043478,962.54000006
2017-09-01,garden_tools,59.9,59.9,59.9,59.9,0.0,0.0,0.0,13,16.29461538,566.8700000599999
2017-10-01,garden_tools,59.9,59.9,59.9,59.9,0.0,0.0,0.0,36,16.81416667,1551.08999988
2017-11-01,garden_tools,53.78571429,52.40694444,53.64828125,53.78571429,1.3787698500000047,0.13743304000000478,0.0,69,18.27550725,2450.20428576
2017-12-01,garden_tools,55.75,55.1,55.425,55.75,0.6499999999999986,0.32500000000000284,0.0,44,17.26727273,1693.23999988
2018-01-01,garden_tools,49.9,49.9,49.9,49.9,0.0,0.0,0.0,39,16.50512821,1302.3999998099998
2018-02-01,garden_tools,50.35714286,50.54516129,50.9,50.35714286,-0.18801842999999963,-0.5428571399999953,0.0,48,18.281875,1539.6128572800003
2018-03-01,garden_tools,53.9,53.9,53.9,53.9,0.0,0.0,0.0,26,19.02423077,906.7699999800001
2018-04-01,garden_tools,53.9,53.9,53.9,53.9,0.0,0.0,0.0,28,19.07142857,975.2000000399998
2018-05-01,garden_tools,53.05789474,53.41515152,53.70952381,53.05789474,-0.35725678000000016,-0.6516290699999985,0.0,25,12.98,1001.9473685000002
2018-06-01,garden_tools,49.9,49.9,49.9,49.9,0.0,0.0,0.0,15,22.87866667,405.31999994999995
2018-07-01,garden_tools,49.9,49.91,49.9,49.9,-0.00999999999999801,0.0,0.0,3,20.99,86.73
2018-08-01,garden_tools,49.9,49.91,49.9,49.9,-0.00999999999999801,0.0,0.0,6,32.32,105.47999999999999
2017-10-01,computers_accessories,167.0,154.6958824,167.0,167.0,12.304117600000012,0.0,0.0,1,14.92,152.08
2017-12-01,computers_accessories,119.9,149.99,119.9,109.9,-30.090000000000003,0.0,10.0,2,13.44,212.92000000000002
2018-01-01,computers_accessories,93.09489362,156.5113514,150.3545455,97.6425,-63.41645778,-57.25965188000001,-4.547606380000005,57,12.23912281,4608.77893617
2018-02-01,computers_accessories,77.155,149.0,149.9,78.7122807,-71.845,-72.745,-1.5572806999999926,45,11.51311111,2953.88500005
2018-03-01,computers_accessories,88.0,136.1428571,149.9,81.02391304,-48.142857099999986,-61.900000000000006,6.9760869600000035,6,17.55333333,422.68000001999997
2018-04-01,computers_accessories,88.0,120.9230769,149.9,80.66666667,-32.9230769,-61.900000000000006,7.333333330000002,10,10.869,771.31
2018-06-01,computers_accessories,89.9,114.4911538,149.9,78.9,-24.5911538,-60.0,11.0,3,21.82666667,204.21999999
2018-07-01,computers_accessories,78.9,119.99,149.9,77.9,-41.08999999999999,-71.0,1.0,3,13.41333333,196.46000001000002
2017-05-01,garden_tools,59.9,59.9,59.9,59.9,0.0,0.0,0.0,3,26.24666667,100.95999998999999
2017-06-01,garden_tools,59.9,59.9,59.9,59.9,0.0,0.0,0.0,3,16.26,130.92000000000002
2017-07-01,garden_tools,59.9,59.9,59.9,59.9,0.0,0.0,0.0,19,16.11157895,831.97999995
2017-08-01,garden_tools,59.9,59.9,59.9,59.9,0.0,0.0,0.0,27,17.68111111,1139.91000003
2017-09-01,garden_tools,59.9,59.9,59.9,59.9,0.0,0.0,0.0,17,16.81176471,732.4999999300001
2017-10-01,garden_tools,59.9,59.9,59.9,59.9,0.0,0.0,0.0,31,17.59548387,1311.44000003
2017-11-01,garden_tools,53.64828125,52.40694444,53.64828125,53.78571429,1.24133681,0.0,-0.13743304000000478,87,16.07586207,3268.8004686599998
2017-12-01,garden_tools,55.425,55.1,55.425,55.75,0.32499999999999574,0.0,-0.32500000000000284,32,19.184375,1159.6999999999998
2018-01-01,garden_tools,49.9,49.9,49.9,49.9,0.0,0.0,0.0,29,15.84103448,987.71000008
2018-02-01,garden_tools,50.9,50.54516129,50.9,50.35714286,0.35483870999999567,0.0,0.5428571399999953,36,17.51944444,1201.70000016
2018-03-01,garden_tools,53.9,53.9,53.9,53.9,0.0,0.0,0.0,35,21.85285714,1121.6500000999997
2018-04-01,garden_tools,53.9,53.9,53.9,53.9,0.0,0.0,0.0,13,19.46846154,447.60999998
2018-05-01,garden_tools,53.70952381,53.41515152,53.70952381,53.05789474,0.2943722899999983,0.0,0.6516290699999985,29,13.51034483,1165.77619042
2018-06-01,garden_tools,49.9,49.9,49.9,49.9,0.0,0.0,0.0,6,23.25166667,159.88999998
2018-07-01,garden_tools,49.9,49.91,49.9,49.9,-0.00999999999999801,0.0,0.0,14,33.28142857,232.66000001999993
2018-08-01,garden_tools,49.9,49.91,49.9,49.9,-0.00999999999999801,0.0,0.0,10,36.442,134.57999999999998
2018-01-01,computers_accessories,150.3545455,156.5113514,150.3545455,97.6425,-6.156805899999995,0.0,52.7120455,22,22.54772727,2811.75000106
2018-02-01,computers_accessories,149.9,149.0,149.9,78.7122807,0.9000000000000057,0.0,71.18771930000001,69,26.55289855,8510.950000050001
2018-03-01,computers_accessories,149.9,136.1428571,149.9,81.02391304,13.75714290000002,0.0,68.87608696000001,51,28.47588235,6192.63000015
2018-04-01,computers_accessories,149.9,120.9230769,149.9,80.66666667,28.976923100000008,0.0,69.23333333000001,35,30.22742857,4188.54000005
2018-05-01,computers_accessories,149.9,119.0,149.9,79.8,30.900000000000006,0.0,70.10000000000001,52,18.94307692,6809.760000159999
2018-06-01,computers_accessories,149.9,114.4911538,149.9,78.9,35.4088462,0.0,71.0,27,27.62666667,3301.37999991
2018-07-01,computers_accessories,149.9,119.99,149.9,77.9,29.91000000000001,0.0,72.0,13,33.57153846,1512.27000002
2018-08-01,computers_accessories,149.9,119.99,149.9,77.9,29.91000000000001,0.0,72.0,5,24.76,625.7
2018-01-01,health_beauty,61.99,23.99,89.99,58.99,38.0,-27.999999999999993,3.0,3,24.05,113.82
2018-03-01,health_beauty,61.99,23.99,83.74,58.99,38.0,-21.749999999999993,3.0,13,28.61461538,433.88000006000004
2018-04-01,health_beauty,64.99,64.99,79.99,58.99,0.0,-15.0,5.999999999999993,15,25.346,594.6599999999999
2018-05-01,health_beauty,64.99,23.99,79.99,58.99,41.0,-15.0,5.999999999999993,38,24.77447368,1528.1900001599997
2018-06-01,health_beauty,66.99,23.99,79.99,58.99,43.0,-13.0,7.999999999999993,26,30.24153846,955.4600000399998
2018-07-01,health_beauty,66.99,23.99,79.99,58.99,43.0,-13.0,7.999999999999993,27,25.90074074,1109.4100000199999
2018-08-01,health_beauty,66.99,23.99,82.82142857,58.99,43.0,-15.83142857,7.999999999999993,28,23.52821429,1216.9299998799997
2017-05-01,garden_tools,59.9,59.9,59.9,59.9,0.0,0.0,0.0,4,19.7325,160.67
2017-06-01,garden_tools,59.9,59.9,59.9,59.9,0.0,0.0,0.0,1,17.67,42.23
2017-07-01,garden_tools,59.9,59.9,59.9,59.9,0.0,0.0,0.0,14,16.62642857,605.8300000199999
2017-08-01,garden_tools,59.9,59.9,59.9,59.9,0.0,0.0,0.0,39,18.16230769,1627.77000009
2017-09-01,garden_tools,59.9,59.9,59.9,59.9,0.0,0.0,0.0,37,17.18702703,1580.37999989
2017-10-01,garden_tools,59.9,59.9,59.9,59.9,0.0,0.0,0.0,39,18.06589744,1631.5299998399998
2017-11-01,garden_tools,52.40694444,52.40694444,53.64828125,53.78571429,0.0,-1.24133681,-1.3787698500000047,91,17.06747253,3215.89194381
2017-12-01,garden_tools,55.1,55.1,55.425,55.75,0.0,-0.32499999999999574,-0.6499999999999986,51,15.75960784,2006.36000016
2018-01-01,garden_tools,49.9,49.9,49.9,49.9,0.0,0.0,0.0,12,19.495,364.85999999999996
2018-02-01,garden_tools,50.54516129,50.54516129,50.9,50.35714286,0.0,-0.35483870999999567,0.18801842999999963,39,16.61153846,1323.4112903700002
2018-03-01,garden_tools,53.9,53.9,53.9,53.9,0.0,0.0,0.0,31,20.35967742,1039.7499999799998
2018-04-01,garden_tools,53.9,53.9,53.9,53.9,0.0,0.0,0.0,46,5.28173913,2236.44000002
2018-05-01,garden_tools,53.41515152,53.41515152,53.70952381,53.05789474,0.0,-0.2943722899999983,0.35725678000000016,56,10.75303571,2389.0784853600003
2018-06-01,garden_tools,49.9,49.9,49.9,49.9,0.0,0.0,0.0,12,19.89083333,360.11000004
2018-07-01,garden_tools,49.91,49.91,49.9,49.9,0.0,0.00999999999999801,0.00999999999999801,6,28.37333333,129.22000002
2018-08-01,garden_tools,49.91,49.91,49.9,49.9,0.0,0.00999999999999801,0.00999999999999801,6,20.32833333,177.49000001999997
2018-02-01,health_beauty,47.35789474,23.99,89.99,58.99,23.36789474,-42.632105259999996,-11.632105260000003,21,10.20047619,780.3057895500001
2018-03-01,health_beauty,48.45944444,23.99,83.74,58.99,24.46944444,-35.280555559999996,-10.530555560000003,58,12.56344828,2081.9677772799996
2018-04-01,health_beauty,53.70176471,53.70176471,79.99,58.99,0.0,-26.288235289999996,-5.288235290000003,18,13.16055556,729.7417647
2018-05-01,health_beauty,52.06928571,23.99,79.99,58.99,28.079285710000004,-27.920714289999992,-6.920714289999999,33,10.63121212,1367.45642847
2018-06-01,health_beauty,49.98,23.99,79.99,58.99,25.99,-30.009999999999998,-9.010000000000005,9,12.91,333.62999999999994
2018-07-01,health_beauty,51.512,23.99,79.99,58.99,27.522000000000002,-28.477999999999994,-7.4780000000000015,5,14.368,185.72
2018-08-01,health_beauty,50.71,23.99,82.82142857,58.99,26.720000000000002,-32.111428569999994,-8.280000000000001,11,9.312727273,455.36999999700004
2017-06-01,watches_gifts,157.99,163.0,157.99,185.0,-5.009999999999991,0.0,-27.00999999999999,5,13.91,720.4000000000001
2017-07-01,watches_gifts,171.792,161.5909091,171.792,197.383,10.201090899999997,0.0,-25.591000000000008,6,14.95,941.0520000000001
2017-08-01,watches_gifts,169.9,160.6692308,169.9,179.9,9.230769199999997,0.0,-10.0,5,17.084,764.08
2017-09-01,watches_gifts,160.4,148.7785714,160.4,164.57,11.621428600000002,0.0,-4.1699999999999875,10,17.856,1425.44
2017-10-01,watches_gifts,149.475,134.9,149.475,232.49,14.574999999999989,0.0,-83.01500000000001,16,18.505625,2095.5099999999998
2017-11-01,watches_gifts,140.56,133.0,108.0,174.4333333,7.560000000000002,32.56,-33.873333299999985,26,19.17230769,3156.08000006
2017-12-01,watches_gifts,149.0,149.0,108.0,185.96,0.0,41.0,-36.96000000000001,6,17.00333333,791.98000002
2018-01-01,watches_gifts,148.5,148.5,108.0,199.0,0.0,40.5,-50.5,8,14.165,1074.68
2018-02-01,watches_gifts,145.9942857,128.2416667,108.0,182.0,17.75261900000001,37.994285700000006,-36.005714299999994,14,15.12928571,1832.10999986
2018-03-01,watches_gifts,123.9666667,117.4412903,105.6428571,151.8784375,6.525376399999999,18.323809600000004,-27.911770799999985,9,26.27222222,879.25000032
2018-04-01,watches_gifts,119.19,105.648625,105.0,150.1333333,13.541375000000002,14.189999999999998,-30.943333300000006,10,21.229,979.61
2018-05-01,watches_gifts,118.1318182,103.7925234,105.0,132.53125,14.339294800000005,13.131818199999998,-14.399431800000002,22,14.71227273,2275.23000034
2018-06-01,watches_gifts,139.9,119.0,105.0,138.22,20.900000000000006,34.900000000000006,1.6800000000000068,1,18.86,121.04
2018-07-01,watches_gifts,138.98,118.3636364,105.0,155.0,20.616363599999985,33.97999999999999,-16.02000000000001,5,23.162,579.0899999999999
2018-08-01,watches_gifts,138.0,112.0,105.0,145.5509091,26.0,33.0,-7.550909100000013,3,23.52666667,343.41999999
2017-08-01,health_beauty,84.99,23.39740741,89.99,58.99,61.592592589999995,-5.0,25.999999999999993,3,15.57,208.25999999999996
2017-09-01,health_beauty,84.99,23.99,89.99,58.99,61.0,-5.0,25.999999999999993,4,15.6,277.56
2017-10-01,health_beauty,84.99,23.99,89.99,58.99,61.0,-5.0,25.999999999999993,3,19.61,196.14
2017-11-01,health_beauty,84.99,23.99,89.99,58.99,61.0,-5.0,25.999999999999993,36,17.40833333,2432.9400001199997
2017-12-01,health_beauty,84.99,23.99,89.99,58.99,61.0,-5.0,25.999999999999993,50,16.2446,3437.2699999999995
2018-01-01,health_beauty,84.99,23.99,89.99,58.99,61.0,-5.0,25.999999999999993,13,15.99615385,896.9199999499999
2018-02-01,health_beauty,84.99,23.99,89.99,58.99,61.0,-5.0,25.999999999999993,7,15.86714286,483.85999997999994
2018-03-01,health_beauty,84.99,23.99,83.74,58.99,61.0,1.25,25.999999999999993,4,16.375,274.46
2018-06-01,health_beauty,84.99,23.99,79.99,58.99,61.0,5.0,25.999999999999993,2,22.08,125.82
2017-02-01,garden_tools,179.99,179.99,179.99,179.99,0.0,0.0,0.0,1,33.54,146.45000000000002
2017-04-01,garden_tools,179.99,179.99,179.99,179.99,0.0,0.0,0.0,3,36.64333333,430.0400000100001
2017-09-01,garden_tools,179.99,59.9,59.9,59.9,120.09,120.09,120.09,2,26.88,306.22
2017-10-01,garden_tools,179.99,59.9,59.9,59.9,120.09,120.09,120.09,6,36.75666667,859.39999998
2017-11-01,garden_tools,179.99,52.40694444,53.64828125,53.78571429,127.58305556000002,126.34171875000001,126.20428571000001,13,43.14153846,1779.0300000200002
2017-12-01,garden_tools,183.99,55.1,55.425,55.75,128.89000000000001,128.565,128.24,15,47.594,2045.9400000000003
2018-01-01,garden_tools,187.8542857,49.9,49.9,49.9,137.95428569999999,137.95428569999999,137.95428569999999,14,38.53785714,2090.4299998399997
2018-02-01,garden_tools,179.0,50.54516129,50.9,50.35714286,128.45483871,128.1,128.64285714,12,47.82583333,1574.0900000400002
2018-03-01,garden_tools,175.1538462,53.9,53.9,53.9,121.2538462,121.2538462,121.2538462,13,57.29846154,1532.12000058
2018-04-01,garden_tools,179.0,53.9,53.9,53.9,125.1,125.1,125.1,11,28.63272727,1654.0400000299999
2018-05-01,garden_tools,179.0,53.41515152,53.70952381,53.05789474,125.58484848,125.29047618999999,125.94210526,3,24.37,463.89
2018-06-01,garden_tools,159.0,49.9,49.9,49.9,109.1,109.1,109.1,10,54.763,1042.37
2018-07-01,garden_tools,139.0,49.91,49.9,49.9,89.09,89.1,89.1,8,48.62875,722.97
2018-08-01,garden_tools,139.0,49.91,49.9,49.9,89.09,89.1,89.1,7,73.59,457.87
2017-04-01,garden_tools,59.9,59.9,59.9,59.9,0.0,0.0,0.0,3,18.39333333,124.52000001
2017-05-01,garden_tools,59.9,59.9,59.9,59.9,0.0,0.0,0.0,7,15.79428571,308.74000003
2017-06-01,garden_tools,59.9,59.9,59.9,59.9,0.0,0.0,0.0,4,16.6125,173.14999999999998
2017-07-01,garden_tools,59.9,59.9,59.9,59.9,0.0,0.0,0.0,19,16.03052632,833.5199999199999
2017-08-01,garden_tools,59.9,59.9,59.9,59.9,0.0,0.0,0.0,21,18.83142857,862.44000003
2017-09-01,garden_tools,59.9,59.9,59.9,59.9,0.0,0.0,0.0,23,18.64347826,948.9000000199999
2017-10-01,garden_tools,59.9,59.9,59.9,59.9,0.0,0.0,0.0,19,17.73052632,801.21999992
2017-11-01,garden_tools,53.37910448,52.40694444,53.64828125,53.78571429,0.9721600400000057,-0.2691767699999943,-0.4066098099999991,82,17.80780488,2916.8465672
2017-12-01,garden_tools,55.77096774,55.1,55.425,55.75,0.6709677400000018,0.3459677400000061,0.020967740000003232,40,17.5175,1530.1387096000003
2018-01-01,garden_tools,49.9,49.9,49.9,49.9,0.0,0.0,0.0,25,17.7532,803.67
2018-02-01,garden_tools,51.025,50.54516129,50.9,50.35714286,0.47983870999999567,0.125,0.6678571399999953,44,16.28340909,1528.63000004
2018-03-01,garden_tools,53.9,53.9,53.9,53.9,0.0,0.0,0.0,25,19.2648,865.8799999999999
2018-04-01,garden_tools,53.9,53.9,53.9,53.9,0.0,0.0,0.0,20,20.563,666.74
2018-05-01,garden_tools,52.56666667,53.41515152,53.70952381,53.05789474,-0.8484848500000055,-1.1428571400000038,-0.49122807000000535,17,14.38823529,649.0333334599999
2018-06-01,garden_tools,49.9,49.9,49.9,49.9,0.0,0.0,0.0,8,29.78625,160.91
2018-07-01,garden_tools,49.9,49.91,49.9,49.9,-0.00999999999999801,0.0,0.0,9,27.77,199.17
2018-08-01,garden_tools,49.9,49.91,49.9,49.9,-0.00999999999999801,0.0,0.0,7,33.74,113.11999999999998
2017-06-01,watches_gifts,163.0,163.0,163.0,185.0,0.0,0.0,-22.0,4,14.265,594.94
2017-07-01,watches_gifts,161.5909091,161.5909091,161.5909091,197.383,0.0,0.0,-35.792090900000005,11,15.52545455,1606.72000005
2017-08-01,watches_gifts,160.6692308,160.6692308,160.6692308,179.9,0.0,0.0,-19.230769199999997,13,15.18538462,1891.29000034
2017-09-01,watches_gifts,148.7785714,148.7785714,148.7785714,164.57,0.0,0.0,-15.791428599999989,18,14.04111111,2425.27428522
2017-10-01,watches_gifts,134.9,134.9,134.9,232.49,0.0,0.0,-97.59,1,6.81,128.09
2017-11-01,watches_gifts,133.0,133.0,108.0,174.4333333,0.0,25.0,-41.43333329999999,15,19.91666667,1696.24999995
2017-12-01,watches_gifts,149.0,149.0,108.0,185.96,0.0,41.0,-36.96000000000001,4,19.1,519.6
2018-02-01,watches_gifts,128.2416667,128.2416667,108.0,182.0,0.0,20.241666699999996,-53.758333300000004,6,15.92666667,673.89000018
2018-03-01,watches_gifts,117.4412903,117.4412903,105.6428571,151.8784375,0.0,11.798433200000005,-34.437147199999984,31,18.26129032,3074.57999938
2018-04-01,watches_gifts,105.648625,105.648625,105.0,150.1333333,0.0,0.6486249999999956,-44.48470830000001,85,2.181647059,8794.693124985
2018-05-01,watches_gifts,103.7925234,103.7925234,105.0,132.53125,0.0,-1.2074766000000068,-28.738726600000007,114,0.095438596,11821.467667656
2018-06-01,watches_gifts,119.0,119.0,105.0,138.22,0.0,14.0,-19.22,9,19.20666667,898.13999997
2018-07-01,watches_gifts,118.3636364,118.3636364,105.0,155.0,0.0,13.363636400000004,-36.636363599999996,11,15.48,1131.7200004000001
2018-08-01,watches_gifts,112.0,112.0,105.0,145.5509091,0.0,7.0,-33.55090910000001,1,13.44,98.56
2017-09-01,cool_stuff,29.5,99.99,29.5,29.5,-70.49,0.0,0.0,1,11.73,17.77
2018-01-01,cool_stuff,29.5,99.99,129.99,29.5,-70.49,-100.49000000000001,0.0,76,16.53263158,985.5199999199999
2018-03-01,cool_stuff,35.0,99.99,129.99,35.0,-64.99,-94.99000000000001,0.0,26,16.25615385,487.3399999
2018-04-01,cool_stuff,35.0,89.86333333,129.99,35.0,-54.86333333,-94.99000000000001,0.0,4,14.845,80.62
2018-05-01,cool_stuff,35.0,35.0,35.0,35.0,0.0,0.0,0.0,4,13.6375,85.45
2018-06-01,cool_stuff,65.0,65.0,65.0,65.0,0.0,0.0,0.0,2,15.01,99.98
2018-08-01,cool_stuff,65.0,65.0,65.0,65.0,0.0,0.0,0.0,1,57.23,7.770000000000003
2017-08-01,perfumery,142.5,56.99,142.5,142.5,85.50999999999999,0.0,0.0,1,15.75,126.75
2017-09-01,perfumery,142.5,56.99,142.5,142.5,85.50999999999999,0.0,0.0,1,9.19,133.31
2017-10-01,perfumery,142.5,56.99,142.5,142.5,85.50999999999999,0.0,0.0,2,17.15,250.7
2017-11-01,perfumery,118.05,56.99,118.05,118.05,61.059999999999995,0.0,0.0,8,14.29375,830.05
2017-12-01,perfumery,118.0,56.99,118.0,118.0,61.01,0.0,0.0,12,11.02666667,1283.67999996
2018-01-01,perfumery,117.9,56.99,117.9,117.9,60.910000000000004,0.0,0.0,6,14.03833333,623.1700000200001
2018-02-01,perfumery,117.8888889,56.99,117.8888889,117.8888889,60.898888899999996,0.0,0.0,11,13.88090909,1144.0877779099999
2018-03-01,perfumery,117.7,50.49,117.7,117.7,67.21000000000001,0.0,0.0,4,15.175,410.1
2018-04-01,perfumery,117.975,49.99,117.975,117.975,67.98499999999999,0.0,0.0,8,21.65,770.5999999999999
2018-05-01,perfumery,119.9,119.9,119.9,119.9,0.0,0.0,0.0,17,15.85235294,1768.81000002
2018-06-01,perfumery,119.1785714,119.1785714,119.1785714,119.1785714,0.0,0.0,0.0,14,14.17285714,1470.0799996399999
2018-07-01,perfumery,118.7,49.99,118.7,118.7,68.71000000000001,0.0,0.0,5,15.978,513.61
2018-08-01,perfumery,116.9066667,49.99,116.9066667,116.9066667,66.91666670000001,0.0,0.0,17,17.79058824,1684.9733338199999
2017-03-01,cool_stuff,129.99,99.99,129.99,129.99,30.000000000000014,0.0,0.0,8,18.77875,889.69
2017-04-01,cool_stuff,129.99,99.99,129.99,129.99,30.000000000000014,0.0,0.0,14,17.39642857,1576.3100000200002
2017-05-01,cool_stuff,129.99,99.99,129.99,129.99,30.000000000000014,0.0,0.0,18,18.27277778,2010.9099999600003
2017-06-01,cool_stuff,129.99,99.99,129.99,129.99,30.000000000000014,0.0,0.0,17,17.06117647,1919.7900000100003
2017-07-01,cool_stuff,129.99,99.99,129.99,129.99,30.000000000000014,0.0,0.0,16,18.715625,1780.39
2017-08-01,cool_stuff,116.9275,99.99,116.9275,116.9275,16.9375,0.0,0.0,16,19.02125,1566.5
2017-10-01,cool_stuff,119.99,99.99,119.99,119.99,20.0,0.0,0.0,10,19.997,999.93
2017-11-01,cool_stuff,129.99,99.99,129.99,129.99,30.000000000000014,0.0,0.0,9,22.67444444,965.8400000400001
2017-12-01,cool_stuff,129.99,99.99,129.99,129.99,30.000000000000014,0.0,0.0,3,25.59,313.20000000000005
2018-01-01,cool_stuff,129.99,99.99,129.99,29.5,30.000000000000014,0.0,100.49000000000001,4,17.41,450.32000000000005
2018-02-01,cool_stuff,129.99,99.99,129.99,129.99,30.000000000000014,0.0,0.0,2,16.71,226.56
2018-03-01,cool_stuff,129.99,99.99,129.99,35.0,30.000000000000014,0.0,94.99000000000001,1,18.49,111.50000000000001
2018-04-01,cool_stuff,129.99,89.86333333,129.99,35.0,40.126666670000006,0.0,94.99000000000001,1,23.49,106.50000000000001
2017-05-01,computers_accessories,94.9,94.9,94.9,94.9,0.0,0.0,0.0,4,15.84,316.24
2017-06-01,computers_accessories,100.9,159.99,100.9,100.9,-59.09,0.0,0.0,6,17.785,498.69000000000005
2017-07-01,computers_accessories,109.9,139.99,109.9,109.9,-30.090000000000003,0.0,0.0,10,12.015,978.85
2017-08-01,computers_accessories,109.9,145.7042857,109.9,109.9,-35.80428570000001,0.0,0.0,2,10.39,199.02
2017-09-01,computers_accessories,98.9,151.99,98.9,98.9,-53.09,0.0,0.0,4,14.975,335.70000000000005
2017-10-01,computers_accessories,98.9,154.6958824,98.9,98.9,-55.79588239999998,0.0,0.0,4,17.1225,327.11
2017-11-01,computers_accessories,98.9,149.99,98.9,109.9,-51.09,0.0,-11.0,6,16.14,496.56000000000006
2017-12-01,computers_accessories,98.9,149.99,98.9,109.9,-51.09,0.0,-11.0,1,13.71,85.19
2018-01-01,computers_accessories,90.534,156.5113514,150.3545455,97.6425,-65.97735139999999,-59.820545499999994,-7.108499999999992,31,14.08322581,2369.97399989
2018-02-01,computers_accessories,84.75608696,149.0,149.9,78.7122807,-64.24391304,-65.14391304,6.043806260000011,30,14.096,2119.8026088
2018-03-01,computers_accessories,87.5,136.1428571,149.9,81.02391304,-48.642857099999986,-62.400000000000006,6.4760869600000035,13,11.67230769,985.76000003
2018-04-01,computers_accessories,94.0,120.9230769,149.9,80.66666667,-26.923076899999998,-55.900000000000006,13.333333330000002,5,15.48,392.59999999999997
2018-06-01,computers_accessories,73.0,114.4911538,149.9,78.9,-41.491153800000006,-76.9,-5.900000000000006,4,17.1875,223.25
2018-07-01,computers_accessories,66.34214286,119.99,149.9,77.9,-53.64785714,-83.55785714000001,-11.55785714000001,18,21.16444444,813.19857156
2018-08-01,computers_accessories,79.9,119.99,149.9,77.9,-40.08999999999999,-70.0,2.0,1,13.9,66.0
2017-07-01,consoles_games,19.9,19.9,19.9,19.9,0.0,0.0,0.0,1,11.85,8.049999999999999
2017-08-01,consoles_games,19.9,19.9,19.9,19.9,0.0,0.0,0.0,11,15.83272727,44.74000002999999
2017-09-01,consoles_games,19.9,19.9,19.9,19.9,0.0,0.0,0.0,9,15.41111111,40.400000009999985
2017-10-01,consoles_games,20.66666667,21.54285714,20.66666667,20.66666667,-0.8761904699999974,0.0,0.0,12,12.80333333,94.36000008000002
2017-11-01,consoles_games,24.5,24.5,24.5,24.5,0.0,0.0,0.0,23,13.65217391,249.50000007
2017-12-01,consoles_games,24.5,24.5,24.5,24.5,0.0,0.0,0.0,17,13.52470588,186.58000004
2018-01-01,consoles_games,27.03333333,27.03333333,27.03333333,27.03333333,0.0,0.0,0.0,10,13.319,137.1433333
2018-02-01,consoles_games,32.5,32.5,32.5,32.5,0.0,0.0,0.0,1,11.85,20.65
2018-03-01,consoles_games,32.74285714,32.5,32.74285714,32.74285714,0.24285713999999814,0.0,0.0,7,14.02714286,131.00999996000002
2018-04-01,consoles_games,34.2,35.05714286,34.2,34.2,-0.8571428599999962,0.0,0.0,6,15.015,115.11000000000001
2017-01-01,health_beauty,349.9,349.9,349.9,64.99,0.0,0.0,284.90999999999997,8,22.90125,2615.99
2017-02-01,health_beauty,349.9,19.99,349.9,64.99,329.90999999999997,0.0,284.90999999999997,4,26.9275,1291.8899999999999
2017-03-01,health_beauty,349.9,19.99,89.99,64.99,329.90999999999997,259.90999999999997,284.90999999999997,2,21.275,657.25
2017-04-01,health_beauty,349.9,19.99,349.9,64.99,329.90999999999997,0.0,284.90999999999997,1,19.29,330.60999999999996
2017-05-01,health_beauty,349.9,19.99,89.99,64.99,329.90999999999997,259.90999999999997,284.90999999999997,4,26.73,1292.6799999999998
2017-06-01,health_beauty,349.9,19.99,89.99,58.79952381,329.90999999999997,259.90999999999997,291.10047619,2,24.505,650.79
2017-07-01,health_beauty,349.9,19.99,89.99,59.25666667,329.90999999999997,259.90999999999997,290.64333332999996,1,29.3,320.59999999999997
2017-08-01,health_beauty,349.9,23.39740741,89.99,58.99,326.50259258999995,259.90999999999997,290.90999999999997,7,29.94714286,2239.66999998
2017-09-01,health_beauty,349.9,23.99,89.99,58.99,325.90999999999997,259.90999999999997,290.90999999999997,7,26.58285714,2263.22000002
2017-10-01,health_beauty,349.9,23.99,89.99,58.99,325.90999999999997,259.90999999999997,290.90999999999997,10,22.84,3270.6
2017-11-01,health_beauty,322.1363636,23.99,89.99,58.99,298.1463636,232.14636359999997,263.1463636,11,20.47818182,3318.23999958
2017-12-01,health_beauty,349.9,23.99,89.99,58.99,325.90999999999997,259.90999999999997,290.90999999999997,7,29.09285714,2245.65000002
2018-01-01,health_beauty,349.9,23.99,89.99,58.99,325.90999999999997,259.90999999999997,290.90999999999997,12,28.41416667,3857.82999996
2018-02-01,health_beauty,349.9,23.99,89.99,58.99,325.90999999999997,259.90999999999997,290.90999999999997,15,23.20533333,4900.42000005
2018-03-01,health_beauty,349.9,23.99,83.74,58.99,325.90999999999997,266.15999999999997,290.90999999999997,17,29.6,5445.099999999999
2018-04-01,health_beauty,349.9,349.9,79.99,58.99,0.0,269.90999999999997,290.90999999999997,7,25.64142857,2269.81000001
2018-05-01,health_beauty,352.25,23.99,79.99,58.99,328.26,272.26,293.26,10,38.57,3136.8
2018-06-01,health_beauty,364.0,23.99,79.99,58.99,340.01,284.01,305.01,11,32.69727273,3644.32999997
2018-07-01,health_beauty,364.0,23.99,79.99,58.99,340.01,284.01,305.01,11,36.24636364,3605.2899999599995
2018-08-01,health_beauty,364.0,23.99,82.82142857,58.99,340.01,281.17857143000003,305.01,9,28.55111111,3019.04000001
2017-07-01,watches_gifts,239.9,161.5909091,239.9,197.383,78.3090909,0.0,42.516999999999996,2,14.805,450.19
2017-10-01,watches_gifts,239.9,134.9,239.9,232.49,105.0,0.0,7.409999999999997,2,11.22,457.36
2018-01-01,watches_gifts,229.9,229.9,108.0,199.0,0.0,121.9,30.900000000000006,2,16.36,427.08000000000004
2018-02-01,watches_gifts,204.6181818,128.2416667,108.0,182.0,76.3765151,96.6181818,22.618181800000002,11,17.02545455,2063.51999975
2018-03-01,watches_gifts,167.5,117.4412903,105.6428571,151.8784375,50.058709699999994,61.8571429,15.62156250000001,16,17.154375,2405.5299999999997
2018-04-01,watches_gifts,150.3423077,105.648625,105.0,150.1333333,44.6936827,45.34230769999999,0.20897439999998824,26,17.50192308,3453.8500001199995
2018-05-01,watches_gifts,145.1666667,103.7925234,105.0,132.53125,41.374143300000014,40.16666670000001,12.635416700000007,30,16.259,3867.230001
2018-06-01,watches_gifts,152.6333333,119.0,105.0,138.22,33.633333300000004,47.633333300000004,14.413333300000005,3,19.17,400.38999989999996
2018-07-01,watches_gifts,157.1428571,118.3636364,105.0,155.0,38.77922069999998,52.142857099999986,2.1428570999999863,14,16.65714286,1966.79999936
2018-08-01,watches_gifts,157.9454545,112.0,105.0,145.5509091,45.94545450000001,52.94545450000001,12.394545399999998,11,14.59272727,1576.87999953
2017-11-01,furniture_decor,99.9,75.0,36.85428571,99.9,24.900000000000006,63.04571429000001,0.0,1,21.19,78.71000000000001
2017-12-01,furniture_decor,99.9,75.0,99.9,99.9,24.900000000000006,0.0,0.0,3,20.64666667,237.75999999
2018-01-01,furniture_decor,99.9,69.9953271,38.4,99.9,29.90467290000001,61.50000000000001,0.0,13,22.81923077,1002.0499999900001
2018-02-01,furniture_decor,99.9,69.9,38.4,99.9,30.0,61.50000000000001,0.0,13,28.89076923,923.12000001
2018-03-01,furniture_decor,99.9,69.9,35.48571429,99.9,30.0,64.41428571,0.0,12,22.14583333,933.05000004
2018-04-01,furniture_decor,99.9,69.9,35.0,99.9,30.0,64.9,0.0,13,23.32769231,995.43999997
2018-05-01,furniture_decor,99.9,69.9,35.0,99.9,30.0,64.9,0.0,13,19.41076923,1046.36000001
2018-06-01,furniture_decor,99.9,89.9,35.0,99.9,10.0,64.9,0.0,10,25.636,742.6400000000001
2018-07-01,furniture_decor,78.53571429,89.9,35.0,78.53571429,-11.364285710000004,43.53571429,0.0,14,23.84714286,765.6400000199999
2018-08-01,furniture_decor,83.83333333,103.2333333,35.0,83.83333333,-19.399999969999996,48.83333333,0.0,9,23.77666667,540.5099999400001
2017-08-01,watches_gifts,229.9,160.6692308,229.9,179.9,69.2307692,0.0,50.0,8,15.14125,1718.0700000000002
2017-09-01,watches_gifts,219.06,148.7785714,219.06,164.57,70.2814286,0.0,54.49000000000001,10,15.345,2037.15
2017-10-01,watches_gifts,216.15,134.9,216.15,232.49,81.25,0.0,-16.340000000000003,8,19.1,1576.4
2017-11-01,watches_gifts,203.2909091,133.0,108.0,174.4333333,70.2909091,95.2909091,28.857575800000006,12,19.795,2201.9509092
2017-12-01,watches_gifts,224.5428571,149.0,108.0,185.96,75.54285709999999,116.54285709999999,38.582857099999984,28,17.48678571,5797.56999892
2018-01-01,watches_gifts,220.77,220.77,108.0,199.0,0.0,112.77000000000001,21.77000000000001,10,20.496,2002.74
2018-02-01,watches_gifts,205.6857143,128.2416667,108.0,182.0,77.4440476,97.6857143,23.6857143,21,20.90238095,3880.4500003499998
2018-03-01,watches_gifts,216.1875,117.4412903,105.6428571,151.8784375,98.7462097,110.5446429,64.30906250000001,16,29.476875,2987.37
2018-04-01,watches_gifts,204.3846154,105.648625,105.0,150.1333333,98.7359904,99.3846154,54.2512821,13,4.088461538,2603.850000206
2018-05-01,watches_gifts,199.0,103.7925234,105.0,132.53125,95.2074766,94.0,66.46875,17,0.0,3383.0
2017-01-01,health_beauty,64.99,64.99,64.99,64.99,0.0,0.0,0.0,1,11.06,53.92999999999999
2017-02-01,health_beauty,64.99,19.99,64.99,64.99,45.0,0.0,0.0,5,15.348,248.20999999999998
2017-03-01,health_beauty,64.99,19.99,89.99,64.99,45.0,-25.0,0.0,9,17.26222222,429.55000001999997
2017-04-01,health_beauty,64.99,19.99,64.99,64.99,45.0,0.0,0.0,9,15.16888889,448.38999999
2017-05-01,health_beauty,64.99,19.99,89.99,64.99,45.0,-25.0,0.0,16,14.811875,802.8499999999999
2017-06-01,health_beauty,58.79952381,19.99,89.99,58.79952381,38.80952381,-31.19047619,0.0,21,13.90333333,942.8200000799999
2017-07-01,health_beauty,59.25666667,19.99,89.99,59.25666667,39.266666670000006,-30.733333329999994,0.0,15,17.998,618.8800000499999
2017-08-01,health_beauty,58.99,23.39740741,89.99,58.99,35.59259259,-30.999999999999993,0.0,22,16.24090909,940.4800000200001
2017-09-01,health_beauty,58.99,23.99,89.99,58.99,35.0,-30.999999999999993,0.0,25,15.6392,1083.77
2017-10-01,health_beauty,58.99,23.99,89.99,58.99,35.0,-30.999999999999993,0.0,19,19.06526316,758.56999996
2017-11-01,health_beauty,58.99,23.99,89.99,58.99,35.0,-30.999999999999993,0.0,24,15.71166667,1038.67999992
2017-12-01,health_beauty,58.99,23.99,89.99,58.99,35.0,-30.999999999999993,0.0,9,16.33222222,383.92000002000003
2018-01-01,health_beauty,58.99,23.99,89.99,58.99,35.0,-30.999999999999993,0.0,6,22.67833333,217.87000002000002
2018-02-01,health_beauty,58.99,23.99,89.99,58.99,35.0,-30.999999999999993,0.0,14,19.575,551.8100000000001
2018-03-01,health_beauty,58.99,23.99,83.74,58.99,35.0,-24.749999999999993,0.0,10,15.228,437.62
2018-04-01,health_beauty,58.99,58.99,79.99,58.99,0.0,-20.999999999999993,0.0,11,16.30272727,469.56000003
2018-05-01,health_beauty,58.99,23.99,79.99,58.99,35.0,-20.999999999999993,0.0,4,9.4225,198.27
2018-06-01,health_beauty,58.99,23.99,79.99,58.99,35.0,-20.999999999999993,0.0,6,16.43,255.36
2018-07-01,health_beauty,58.99,23.99,79.99,58.99,35.0,-20.999999999999993,0.0,2,7.67,102.64
2018-08-01,health_beauty,58.99,23.99,82.82142857,58.99,35.0,-23.831428569999993,0.0,3,12.08333333,140.72000001
2017-10-01,bed_bath_table,99.0,89.9,99.0,45.95,9.099999999999994,0.0,53.05,8,16.35375,661.17
2017-11-01,bed_bath_table,99.0,89.9,99.0,40.53181818,9.099999999999994,0.0,58.46818182,22,18.79636364,1764.4799999200002
2017-12-01,bed_bath_table,99.0,88.48823529,99.0,39.99,10.511764709999994,0.0,59.01,7,18.66285714,562.36000002
2018-01-01,bed_bath_table,98.3,86.9,98.3,39.99,11.399999999999991,0.0,58.309999999999995,11,16.39727273,900.92999997
2018-02-01,bed_bath_table,92.0,86.9,92.0,39.99,5.099999999999994,0.0,52.01,13,16.19461538,985.47000006
2018-03-01,bed_bath_table,92.0,86.9,92.0,39.99,5.099999999999994,0.0,52.01,3,14.04333333,233.87000001
2018-04-01,bed_bath_table,90.875,85.045,90.875,39.99,5.829999999999998,0.0,50.885,9,17.82222222,657.47500002
2018-05-01,bed_bath_table,88.24,83.64961538,88.24,39.99,4.590384619999995,0.0,48.24999999999999,14,9.212857143,1106.3799999980001
2018-06-01,bed_bath_table,84.9,79.9,84.9,39.99,5.0,0.0,44.910000000000004,14,17.975,936.9500000000002
2018-07-01,bed_bath_table,84.9,77.93333333,84.9,39.99,6.966666670000009,0.0,44.910000000000004,9,22.44777778,562.0699999800001
2018-08-01,bed_bath_table,84.9,74.0,84.9,39.24,10.900000000000006,0.0,45.660000000000004,1,4.41,80.49000000000001
2017-02-01,garden_tools,99.99,99.99,99.99,99.99,0.0,0.0,0.0,1,33.0,66.99
2017-03-01,garden_tools,99.99,99.99,99.99,99.99,0.0,0.0,0.0,11,30.53909091,763.9599999899999
2017-04-01,garden_tools,96.65666667,96.65666667,96.65666667,96.65666667,0.0,0.0,0.0,8,33.71,503.57333336000005
2017-05-01,garden_tools,109.99,59.9,59.9,109.99,50.089999999999996,50.089999999999996,0.0,2,34.13,151.71999999999997
2017-06-01,garden_tools,119.99,59.9,59.9,119.99,60.089999999999996,60.089999999999996,0.0,2,34.2,171.57999999999998
2017-07-01,garden_tools,120.0,59.9,59.9,59.9,60.1,60.1,60.1,2,36.28,167.44
2017-09-01,garden_tools,104.25,59.9,59.9,59.9,44.35,44.35,44.35,4,33.09,284.64
2017-10-01,garden_tools,92.594,59.9,59.9,59.9,32.693999999999996,32.693999999999996,32.693999999999996,12,30.83416667,741.1179999599999
2017-11-01,garden_tools,89.99,52.40694444,53.64828125,53.78571429,37.58305556,36.34171875,36.20428570999999,21,47.52571429,891.7499999099998
2017-12-01,garden_tools,89.99,55.1,55.425,55.75,34.88999999999999,34.565,34.239999999999995,14,42.60714286,663.3599999599999
2018-01-01,garden_tools,123.3316667,49.9,49.9,49.9,73.4316667,73.4316667,73.4316667,12,39.19416667,1009.6500003599999
2018-02-01,garden_tools,120.0,50.54516129,50.9,50.35714286,69.45483870999999,69.1,69.64285713999999,14,33.00214286,1217.9699999600002
2018-03-01,garden_tools,113.3333333,53.9,53.9,53.9,59.43333330000001,59.43333330000001,59.43333330000001,6,50.19333333,378.83999982
2018-04-01,garden_tools,110.0,53.9,53.9,53.9,56.1,56.1,56.1,7,42.21142857,474.52000000999993
2018-05-01,garden_tools,110.0,53.41515152,53.70952381,53.05789474,56.58484848,56.29047619,56.94210526,8,39.37125,565.03
2018-06-01,garden_tools,96.65666667,49.9,49.9,49.9,46.75666667000001,46.75666667000001,46.75666667000001,10,41.186,554.7066667
2018-07-01,garden_tools,99.99,49.91,49.9,49.9,50.08,50.089999999999996,50.089999999999996,5,44.232,278.78999999999996
2018-08-01,garden_tools,99.99,49.91,49.9,49.9,50.08,50.089999999999996,50.089999999999996,2,47.745,104.49
2017-02-01,bed_bath_table,89.9,89.9,89.9,89.9,0.0,0.0,0.0,2,13.02,153.76000000000002
2017-03-01,bed_bath_table,89.9,89.9,89.9,89.9,0.0,0.0,0.0,22,13.65272727,1677.44000006
2017-04-01,bed_bath_table,89.9,89.9,89.9,89.9,0.0,0.0,0.0,34,15.05,2544.9
2017-05-01,bed_bath_table,89.9,89.9,215.0,45.95,0.0,-125.1,43.95,58,15.01189655,4343.5100001
2017-06-01,bed_bath_table,89.9,89.9,209.0,45.95,0.0,-119.1,43.95,51,14.76921569,3831.6699998100007
2017-07-01,bed_bath_table,89.9,89.9,205.0,45.95,0.0,-115.1,43.95,60,13.99383333,4554.3700002000005
2017-08-01,bed_bath_table,89.9,89.9,199.5098039,45.95,0.0,-109.6098039,43.95,37,14.65675676,2783.99999988
2017-09-01,bed_bath_table,89.9,89.9,163.3987097,45.95,0.0,-73.4987097,43.95,23,18.77652174,1635.8399999800004
2017-10-01,bed_bath_table,89.9,89.9,89.9,45.95,0.0,0.0,43.95,14,21.57214286,956.5899999600001
2017-11-01,bed_bath_table,89.9,89.9,89.9,40.53181818,0.0,0.0,49.368181820000004,40,16.294,2944.2400000000002
2017-12-01,bed_bath_table,88.48823529,88.48823529,88.48823529,39.99,0.0,0.0,48.498235290000004,18,18.89833333,1252.6182352800001
2018-01-01,bed_bath_table,86.9,86.9,86.9,39.99,0.0,0.0,46.910000000000004,17,19.38352941,1147.78000003
2018-02-01,bed_bath_table,86.9,86.9,86.9,39.99,0.0,0.0,46.910000000000004,22,19.20909091,1489.19999998
2018-03-01,bed_bath_table,86.9,86.9,86.9,39.99,0.0,0.0,46.910000000000004,17,19.98235294,1137.6000000200002
2018-04-01,bed_bath_table,85.045,85.045,85.045,39.99,0.0,0.0,45.055,6,12.94,432.63
2018-05-01,bed_bath_table,83.64961538,83.64961538,83.64961538,39.99,0.0,0.0,43.65961538,26,16.78038462,1738.5999997599997
2018-06-01,bed_bath_table,79.9,79.9,79.9,39.99,0.0,0.0,39.910000000000004,23,23.00565217,1308.5700000900001
2018-07-01,bed_bath_table,77.93333333,77.93333333,77.93333333,39.99,0.0,0.0,37.943333329999994,10,19.952,579.8133333
2018-08-01,bed_bath_table,74.0,74.0,74.0,39.24,0.0,0.0,34.76,7,17.25571429,397.20999997
2017-08-01,furniture_decor,38.4,75.0,38.4,38.4,-36.6,0.0,0.0,1,11.85,26.549999999999997
2017-09-01,furniture_decor,38.4,38.4,38.4,38.4,0.0,0.0,0.0,6,13.5,149.39999999999998
2017-10-01,furniture_decor,38.4,75.0,38.4,38.4,-36.6,0.0,0.0,8,15.55875,182.73
2017-11-01,furniture_decor,34.58117647,75.0,36.85428571,99.9,-40.41882353,-2.2731092399999966,-65.31882353,34,13.75058824,708.2399998200001
2017-12-01,furniture_decor,38.4,75.0,38.4,99.9,-36.6,0.0,-61.50000000000001,4,11.015,109.53999999999999
2018-01-01,furniture_decor,38.4,69.9953271,38.4,99.9,-31.5953271,0.0,-61.50000000000001,15,14.27533333,361.87000004999993
2018-02-01,furniture_decor,38.4,69.9,38.4,99.9,-31.500000000000007,0.0,-61.50000000000001,4,15.61,91.16
2018-03-01,furniture_decor,35.48571429,69.9,35.48571429,99.9,-34.41428571000001,0.0,-64.41428571,14,15.18928571,284.15000011999996
2018-04-01,furniture_decor,35.0,69.9,35.0,99.9,-34.900000000000006,0.0,-64.9,4,15.0,80.0
2018-05-01,furniture_decor,35.0,69.9,35.0,99.9,-34.900000000000006,0.0,-64.9,4,11.58,93.68
2018-06-01,furniture_decor,35.0,89.9,35.0,99.9,-54.900000000000006,0.0,-64.9,2,19.32,31.36
2018-08-01,furniture_decor,35.0,103.2333333,35.0,83.83333333,-68.2333333,0.0,-48.83333333,1,19.44,15.559999999999999
2017-11-01,watches_gifts,108.0,133.0,108.0,174.4333333,-25.0,0.0,-66.43333329999999,13,15.90846154,1197.18999998
2017-12-01,watches_gifts,108.0,149.0,108.0,185.96,-41.0,0.0,-77.96000000000001,13,16.65384615,1187.5000000500002
2018-01-01,watches_gifts,108.0,108.0,108.0,199.0,0.0,0.0,-91.0,44,16.19636364,4039.35999984
2018-02-01,watches_gifts,108.0,128.2416667,108.0,182.0,-20.241666699999996,0.0,-74.0,33,18.25363636,2961.6300001199997
2018-03-01,watches_gifts,105.6428571,117.4412903,105.6428571,151.8784375,-11.798433200000005,0.0,-46.23558039999999,21,21.6652381,1763.529999
2018-04-01,watches_gifts,105.0,105.648625,105.0,150.1333333,-0.6486249999999956,0.0,-45.133333300000004,21,13.63142857,1918.7400000300001
2018-05-01,watches_gifts,105.0,103.7925234,105.0,132.53125,1.2074766000000068,0.0,-27.53125,37,11.3772973,3464.0399999
2018-06-01,watches_gifts,105.0,119.0,105.0,138.22,-14.0,0.0,-33.22,28,23.82357143,2272.93999996
2018-07-01,watches_gifts,105.0,118.3636364,105.0,155.0,-13.363636400000004,0.0,-50.0,8,24.93875,640.49
2018-08-01,watches_gifts,105.0,112.0,105.0,145.5509091,-7.0,0.0,-40.55090910000001,7,23.38571429,571.29999997
2017-03-01,watches_gifts,78.0,78.0,78.0,241.006,0.0,0.0,-163.006,1,17.98,60.019999999999996
2017-06-01,watches_gifts,78.0,163.0,78.0,185.0,-85.0,0.0,-107.0,3,10.3,203.10000000000002
2017-07-01,watches_gifts,78.0,161.5909091,78.0,197.383,-83.5909091,0.0,-119.38300000000001,1,14.3,63.7
2017-08-01,watches_gifts,78.0,160.6692308,78.0,179.9,-82.66923080000001,0.0,-101.9,5,18.22,298.9
2017-10-01,watches_gifts,78.0,134.9,78.0,232.49,-56.900000000000006,0.0,-154.49,3,12.13333333,197.60000001
2017-11-01,watches_gifts,78.0,133.0,108.0,174.4333333,-55.0,-30.0,-96.43333329999999,2,7.8,140.4
2017-12-01,watches_gifts,78.0,149.0,108.0,185.96,-71.0,-30.0,-107.96000000000001,6,19.69166667,349.84999998
2018-01-01,watches_gifts,78.0,78.0,108.0,199.0,0.0,-30.0,-121.0,9,14.63333333,570.30000003
2018-02-01,watches_gifts,78.0,128.2416667,108.0,182.0,-50.241666699999996,-30.0,-104.0,1,15.3,62.7
2018-03-01,watches_gifts,78.0,117.4412903,105.6428571,151.8784375,-39.441290300000006,-27.6428571,-73.87843749999999,1,19.24,58.760000000000005
2018-04-01,watches_gifts,78.0,105.648625,105.0,150.1333333,-27.648624999999996,-27.0,-72.1333333,16,16.645625,981.6700000000001
2018-05-01,watches_gifts,78.0,103.7925234,105.0,132.53125,-25.792523399999993,-27.0,-54.53125,5,10.24,338.8
2018-06-01,watches_gifts,78.0,119.0,105.0,138.22,-41.0,-27.0,-60.22,39,15.6825641,2430.3800001
2018-07-01,watches_gifts,78.0,118.3636364,105.0,155.0,-40.363636400000004,-27.0,-77.0,40,17.9795,2400.8199999999997
2018-08-01,watches_gifts,77.82142857,112.0,105.0,145.5509091,-34.178571430000005,-27.178571430000005,-67.72948053000002,28,13.09035714,1812.47000004
2017-07-01,furniture_decor,75.0,75.0,38.4,75.0,0.0,36.6,0.0,5,15.856,295.71999999999997
2017-08-01,furniture_decor,75.0,75.0,38.4,75.0,0.0,36.6,0.0,13,15.37692308,775.09999996
2017-10-01,furniture_decor,75.0,75.0,38.4,75.0,0.0,36.6,0.0,5,13.64,306.8
2017-11-01,furniture_decor,75.0,75.0,36.85428571,99.9,0.0,38.14571429,-24.900000000000006,44,16.13272727,2590.16000012
2017-12-01,furniture_decor,75.0,75.0,75.0,99.9,0.0,0.0,-24.900000000000006,47,17.44638298,2705.01999994
2018-01-01,furniture_decor,69.9953271,69.9953271,38.4,99.9,0.0,31.5953271,-29.90467290000001,122,17.66311475,6384.5299067
2018-02-01,furniture_decor,69.9,69.9,38.4,99.9,0.0,31.500000000000007,-30.0,44,16.11590909,2366.50000004
2018-03-01,furniture_decor,69.9,69.9,35.48571429,99.9,0.0,34.41428571000001,-30.0,65,18.42507692,3345.8700002000005
2018-04-01,furniture_decor,69.9,69.9,35.0,99.9,0.0,34.900000000000006,-30.0,83,9.071566265,5048.760000005001
2018-05-01,furniture_decor,69.9,69.9,35.0,99.9,0.0,34.900000000000006,-30.0,92,3.801630435,6081.049999980001
2018-06-01,furniture_decor,89.9,89.9,35.0,99.9,0.0,54.900000000000006,-10.0,2,21.93,135.94
2018-07-01,furniture_decor,89.9,89.9,35.0,78.53571429,0.0,54.900000000000006,11.364285710000004,2,29.79,120.22000000000001
2018-08-01,furniture_decor,103.2333333,103.2333333,35.0,83.83333333,0.0,68.2333333,19.399999969999996,3,22.3,242.7999999
2017-04-01,garden_tools,59.9,59.9,59.9,59.9,0.0,0.0,0.0,5,18.652,206.23999999999998
2017-05-01,garden_tools,59.9,59.9,59.9,59.9,0.0,0.0,0.0,2,17.67,84.46
2017-06-01,garden_tools,59.9,59.9,59.9,59.9,0.0,0.0,0.0,5,15.978,219.60999999999999
2017-07-01,garden_tools,59.9,59.9,59.9,59.9,0.0,0.0,0.0,15,17.87866667,630.31999995
2017-08-01,garden_tools,59.9,59.9,59.9,59.9,0.0,0.0,0.0,19,16.11157895,831.97999995
2017-09-01,garden_tools,59.9,59.9,59.9,59.9,0.0,0.0,0.0,34,19.71176471,1366.3999998599998
2017-10-01,garden_tools,59.9,59.9,59.9,59.9,0.0,0.0,0.0,13,18.98153846,531.94000002
2017-11-01,garden_tools,54.45,52.40694444,53.64828125,53.78571429,2.043055560000006,0.8017187500000063,0.6642857100000015,9,45.69666667,78.77999997000003
2017-12-01,garden_tools,49.9,55.1,55.425,55.75,-5.200000000000003,-5.524999999999999,-5.850000000000001,1,18.0,31.9
2018-01-01,garden_tools,49.9,49.9,49.9,49.9,0.0,0.0,0.0,1,35.86,14.04
2018-02-01,garden_tools,51.23333333,50.54516129,50.9,50.35714286,0.6881720399999978,0.3333333300000021,0.8761904699999974,4,33.525,70.83333332000001
2018-03-01,garden_tools,53.9,53.9,53.9,53.9,0.0,0.0,0.0,2,62.27,-16.74000000000001
2018-04-01,garden_tools,53.9,53.9,53.9,53.9,0.0,0.0,0.0,2,33.93,39.94
2018-05-01,garden_tools,49.9,53.41515152,53.70952381,53.05789474,-3.5151515200000034,-3.8095238100000017,-3.1578947400000033,4,21.21,114.75999999999999
2018-06-01,garden_tools,49.9,49.9,49.9,49.9,0.0,0.0,0.0,5,22.42,137.39999999999998
2018-07-01,garden_tools,49.9,49.91,49.9,49.9,-0.00999999999999801,0.0,0.0,3,34.55,46.050000000000004
2018-08-01,garden_tools,49.9,49.91,49.9,49.9,-0.00999999999999801,0.0,0.0,3,20.99,86.73
2017-07-01,furniture_decor,38.4,75.0,38.4,38.4,-36.6,0.0,0.0,1,7.78,30.619999999999997
2017-08-01,furniture_decor,38.4,75.0,38.4,38.4,-36.6,0.0,0.0,8,12.105,210.35999999999999
2017-09-01,furniture_decor,38.4,38.4,38.4,38.4,0.0,0.0,0.0,12,17.95,245.39999999999998
2017-10-01,furniture_decor,38.4,75.0,38.4,38.4,-36.6,0.0,0.0,25,13.98,610.5
2017-11-01,furniture_decor,36.85428571,75.0,36.85428571,99.9,-38.14571429,0.0,-63.04571429000001,28,13.65214286,649.6599998
2018-01-01,furniture_decor,38.4,69.9953271,38.4,99.9,-31.5953271,0.0,-61.50000000000001,2,9.34,58.12
2018-02-01,furniture_decor,38.4,69.9,38.4,99.9,-31.500000000000007,0.0,-61.50000000000001,9,18.68555556,177.42999995999998
2018-03-01,furniture_decor,35.48571429,69.9,35.48571429,99.9,-34.41428571000001,0.0,-64.41428571,17,15.44823529,340.637143
2018-04-01,furniture_decor,35.0,69.9,35.0,99.9,-34.900000000000006,0.0,-64.9,17,13.46941176,366.02000008
2018-05-01,furniture_decor,35.0,69.9,35.0,99.9,-34.900000000000006,0.0,-64.9,11,14.63454545,224.02000005000002
2018-06-01,furniture_decor,35.0,89.9,35.0,99.9,-54.900000000000006,0.0,-64.9,13,18.10153846,219.68000002
2018-07-01,furniture_decor,35.0,89.9,35.0,78.53571429,-54.900000000000006,0.0,-43.53571429,10,17.238,177.62
2018-08-01,furniture_decor,35.0,103.2333333,35.0,83.83333333,-68.2333333,0.0,-48.83333333,16,15.628125,309.95
2017-08-01,health_beauty,325.0,23.39740741,89.99,58.99,301.60259259,235.01,266.01,6,21.075,1823.5500000000002
2017-09-01,health_beauty,325.0,23.99,89.99,58.99,301.01,235.01,266.01,11,19.52363636,3360.24000004
2017-10-01,health_beauty,325.0,23.99,89.99,58.99,301.01,235.01,266.01,2,19.545,610.91
2017-11-01,health_beauty,325.0,23.99,89.99,58.99,301.01,235.01,266.01,12,16.99416667,3696.0699999599997
2017-12-01,health_beauty,325.0,23.99,89.99,58.99,301.01,235.01,266.01,6,17.58333333,1844.5000000199998
2018-01-01,health_beauty,325.0,23.99,89.99,58.99,301.01,235.01,266.01,10,19.824,3051.7599999999998
2018-02-01,health_beauty,325.0,23.99,89.99,58.99,301.01,235.01,266.01,23,15.63782609,7115.329999930001
2018-03-01,health_beauty,325.8928571,23.99,83.74,58.99,301.9028571,242.1528571,266.9028571,28,19.37035714,8582.62999888
2018-04-01,health_beauty,330.0,330.0,79.99,58.99,0.0,250.01,271.01,21,17.30904762,6566.50999998
2018-05-01,health_beauty,330.0,23.99,79.99,58.99,306.01,250.01,271.01,19,15.74789474,5970.78999994
2018-06-01,health_beauty,330.0,23.99,79.99,58.99,306.01,250.01,271.01,16,20.29875,4955.22
2018-07-01,health_beauty,330.0,23.99,79.99,58.99,306.01,250.01,271.01,13,28.42,3920.54
2018-08-01,health_beauty,330.0,23.99,82.82142857,58.99,306.01,247.17857143,271.01,28,20.50535714,8665.85000008
2017-02-01,garden_tools,99.99,99.99,99.99,99.99,0.0,0.0,0.0,1,28.89,71.1
2017-03-01,garden_tools,99.99,99.99,99.99,99.99,0.0,0.0,0.0,5,31.946,340.21999999999997
2017-05-01,garden_tools,109.99,59.9,59.9,109.99,50.089999999999996,50.089999999999996,0.0,4,32.0925,311.59
2017-06-01,garden_tools,109.99,59.9,59.9,109.99,50.089999999999996,50.089999999999996,0.0,6,38.35166667,429.82999997999997
2017-07-01,garden_tools,120.0,59.9,59.9,59.9,60.1,60.1,60.1,1,34.2,85.8
2017-08-01,garden_tools,120.0,59.9,59.9,59.9,60.1,60.1,60.1,2,33.83,172.34
2017-09-01,garden_tools,102.5,59.9,59.9,59.9,42.6,42.6,42.6,7,30.04,507.22
2017-10-01,garden_tools,95.29,59.9,59.9,59.9,35.39000000000001,35.39000000000001,35.39000000000001,17,41.08941176,921.4100000800001
2017-11-01,garden_tools,89.99,52.40694444,53.64828125,53.78571429,37.58305556,36.34171875,36.20428570999999,28,39.33678571,1418.2900001199998
2017-12-01,garden_tools,89.99,55.1,55.425,55.75,34.88999999999999,34.565,34.239999999999995,27,38.4162963,1392.4899999
2018-01-01,garden_tools,127.7272727,49.9,49.9,49.9,77.82727270000001,77.82727270000001,77.82727270000001,11,45.97,899.3299997
2018-02-01,garden_tools,120.0,50.54516129,50.9,50.35714286,69.45483870999999,69.1,69.64285713999999,7,43.38142857,536.33000001
2018-03-01,garden_tools,110.0,53.9,53.9,53.9,56.1,56.1,56.1,6,54.53166667,332.80999998
2018-04-01,garden_tools,110.0,53.9,53.9,53.9,56.1,56.1,56.1,5,42.726,336.37
2018-05-01,garden_tools,110.0,53.41515152,53.70952381,53.05789474,56.58484848,56.29047619,56.94210526,2,32.23,155.54000000000002
2018-06-01,garden_tools,89.99,49.9,49.9,49.9,40.089999999999996,40.089999999999996,40.089999999999996,6,48.17833333,250.87000001999996
2018-07-01,garden_tools,99.99,49.91,49.9,49.9,50.08,50.089999999999996,50.089999999999996,7,43.68,394.16999999999996
2018-08-01,garden_tools,98.32333333,49.91,49.9,49.9,48.41333333,48.42333333,48.42333333,6,34.08333333,385.43999999999994
2017-02-01,cool_stuff,85.70428571,85.70428571,85.70428571,85.70428571,0.0,0.0,0.0,7,21.97142857,446.12999998
2017-03-01,cool_stuff,99.99,99.99,129.99,99.99,0.0,-30.000000000000014,0.0,14,16.64428571,1166.84000006
2017-04-01,cool_stuff,99.99,99.99,129.99,99.99,0.0,-30.000000000000014,0.0,17,14.20235294,1458.39000002
2017-05-01,cool_stuff,99.99,99.99,129.99,99.99,0.0,-30.000000000000014,0.0,22,15.02090909,1869.3200000199997
2017-06-01,cool_stuff,99.99,99.99,129.99,99.99,0.0,-30.000000000000014,0.0,14,13.82642857,1206.2900000199998
2017-07-01,cool_stuff,99.99,99.99,129.99,99.99,0.0,-30.000000000000014,0.0,11,16.52909091,918.06999999
2017-08-01,cool_stuff,99.99,99.99,116.9275,99.99,0.0,-16.9375,0.0,14,18.975,1134.2099999999998
2017-09-01,cool_stuff,99.99,99.99,99.99,29.5,0.0,0.0,70.49,3,15.93333333,252.17000001
2017-10-01,cool_stuff,99.99,99.99,119.99,99.99,0.0,-20.0,0.0,2,16.95,166.07999999999998
2017-11-01,cool_stuff,99.99,99.99,129.99,99.99,0.0,-30.000000000000014,0.0,4,16.1875,335.21
2017-12-01,cool_stuff,99.99,99.99,129.99,99.99,0.0,-30.000000000000014,0.0,3,15.26666667,254.16999999
2018-01-01,cool_stuff,99.99,99.99,129.99,29.5,0.0,-30.000000000000014,70.49,3,16.54,250.34999999999997
2018-02-01,cool_stuff,99.99,99.99,129.99,99.99,0.0,-30.000000000000014,0.0,1,13.72,86.27
2018-03-01,cool_stuff,99.99,99.99,129.99,35.0,0.0,-30.000000000000014,64.99,2,20.78,158.42
2018-04-01,cool_stuff,89.86333333,89.86333333,129.99,35.0,0.0,-40.126666670000006,54.86333333,3,19.87666667,209.95999998
2017-02-01,computers_accessories,159.99,159.99,159.99,159.99,0.0,0.0,0.0,3,33.4,379.77
2017-03-01,computers_accessories,159.99,159.99,159.99,159.99,0.0,0.0,0.0,3,33.4,379.77
2017-04-01,computers_accessories,139.99,139.99,139.99,139.99,0.0,0.0,0.0,5,35.122,524.34
2017-06-01,computers_accessories,159.99,159.99,159.99,159.99,0.0,0.0,0.0,3,42.03333333,353.87000001
2017-07-01,computers_accessories,139.99,139.99,139.99,139.99,0.0,0.0,0.0,6,48.10833333,551.2900000200001
2017-08-01,computers_accessories,145.7042857,145.7042857,145.7042857,145.7042857,0.0,0.0,0.0,7,36.46,764.7099999000001
2017-09-01,computers_accessories,151.99,151.99,151.99,151.99,0.0,0.0,0.0,11,43.72272727,1190.94000003
2017-10-01,computers_accessories,154.6958824,154.6958824,154.6958824,154.6958824,0.0,0.0,0.0,17,43.88117647,1883.8500008099998
2017-11-01,computers_accessories,149.99,149.99,149.99,109.9,0.0,0.0,40.09,18,42.51722222,1934.51000004
2017-12-01,computers_accessories,149.99,149.99,149.99,109.9,0.0,0.0,40.09,23,38.57,2562.6600000000003
2018-01-01,computers_accessories,156.5113514,156.5113514,150.3545455,97.6425,0.0,6.156805899999995,58.8688514,43,36.8072093,5147.2781103
2018-02-01,computers_accessories,149.0,149.0,149.9,78.7122807,0.0,-0.9000000000000057,70.2877193,31,41.16322581,3342.93999989
2018-03-01,computers_accessories,136.1428571,136.1428571,149.9,81.02391304,0.0,-13.75714290000002,55.11894405999999,44,48.0475,3876.1957123999996
2018-04-01,computers_accessories,120.9230769,120.9230769,149.9,80.66666667,0.0,-28.976923100000008,40.25641023,56,27.25303571,5245.52230664
2018-05-01,computers_accessories,119.0,119.0,149.9,79.8,0.0,-30.900000000000006,39.2,25,39.2172,1994.5700000000002
2018-06-01,computers_accessories,114.4911538,114.4911538,149.9,78.9,0.0,-35.4088462,35.5911538,27,53.62555556,1643.37115248
2018-07-01,computers_accessories,119.99,119.99,149.9,77.9,0.0,-29.91000000000001,42.08999999999999,9,48.62666667,642.2699999699998
2018-08-01,computers_accessories,119.99,119.99,149.9,77.9,0.0,-29.91000000000001,42.08999999999999,10,39.046,809.4399999999998
2017-08-01,watches_gifts,339.0,160.6692308,339.0,179.9,178.3307692,0.0,159.1,2,13.845,650.31
2017-09-01,watches_gifts,339.0,148.7785714,339.0,164.57,190.2214286,0.0,174.43,1,13.94,325.06
2017-10-01,watches_gifts,346.158,134.9,346.158,232.49,211.258,0.0,113.668,10,13.455,3327.03
2017-11-01,watches_gifts,345.7066667,133.0,108.0,174.4333333,212.70666670000003,237.70666670000003,171.27333340000004,9,14.27555556,2982.8800002600005
2017-12-01,watches_gifts,348.8,149.0,108.0,185.96,199.8,240.8,162.84,11,16.10272727,3659.67000003
2018-01-01,watches_gifts,339.9,339.9,108.0,199.0,0.0,231.89999999999998,140.89999999999998,1,17.13,322.77
2018-02-01,watches_gifts,347.0,128.2416667,108.0,182.0,218.7583333,239.0,165.0,5,17.176,1649.1200000000001
2018-03-01,watches_gifts,307.8333333,117.4412903,105.6428571,151.8784375,190.392043,202.19047619999998,155.9548958,6,18.22333333,1737.65999982
2018-04-01,watches_gifts,280.6666667,105.648625,105.0,150.1333333,175.01804170000003,175.6666667,130.5333334,6,18.16833333,1574.9900002200002
2018-05-01,watches_gifts,258.9695652,103.7925234,105.0,132.53125,155.17704179999998,153.96956519999998,126.43831519999998,23,13.63130435,5642.77999955
2018-06-01,watches_gifts,245.9,119.0,105.0,138.22,126.9,140.9,107.68,4,14.795,924.4200000000001
2018-07-01,watches_gifts,169.3493182,118.3636364,105.0,155.0,50.985681799999995,64.3493182,14.349318199999999,45,17.95355556,6812.809318799999
2017-05-01,computers_accessories,178.0571429,178.0571429,178.0571429,178.0571429,0.0,0.0,0.0,15,18.75466667,2389.53714345
2017-06-01,computers_accessories,149.8525,159.99,149.8525,149.8525,-10.137500000000017,0.0,0.0,15,21.70066667,1922.2774999499998
2017-07-01,computers_accessories,146.6,139.99,146.6,146.6,6.609999999999985,0.0,0.0,4,18.27,513.3199999999999
2017-08-01,computers_accessories,144.96,145.7042857,144.96,144.96,-0.744285700000006,0.0,0.0,13,19.28538462,1633.7699999400002
2017-09-01,computers_accessories,138.59,151.99,138.59,138.59,-13.400000000000006,0.0,0.0,12,35.9225,1232.01
2017-10-01,computers_accessories,137.9,154.6958824,137.9,137.9,-16.795882399999982,0.0,0.0,16,36.021875,1630.0500000000002
2017-11-01,computers_accessories,137.9,149.99,137.9,109.9,-12.090000000000003,0.0,28.0,18,39.39888889,1773.0199999800002
2017-12-01,computers_accessories,134.9,149.99,134.9,109.9,-15.090000000000003,0.0,25.0,2,38.78,192.24
2018-01-01,computers_accessories,133.0,156.5113514,150.3545455,97.6425,-23.511351399999995,-17.3545455,35.3575,5,38.044,474.78000000000003
2018-02-01,computers_accessories,132.97,149.0,149.9,78.7122807,-16.03,-16.930000000000007,54.257719300000005,3,14.59666667,355.11999999
2017-10-01,health_beauty,29.9,23.99,89.99,58.99,5.91,-60.089999999999996,-29.090000000000003,1,11.85,18.049999999999997
2017-11-01,health_beauty,29.9,23.99,89.99,58.99,5.91,-60.089999999999996,-29.090000000000003,6,12.51,104.34
2017-12-01,health_beauty,29.9,23.99,89.99,58.99,5.91,-60.089999999999996,-29.090000000000003,6,10.115,118.70999999999998
2018-01-01,health_beauty,29.9,23.99,89.99,58.99,5.91,-60.089999999999996,-29.090000000000003,15,9.551333333,305.23000000499997
2018-02-01,health_beauty,29.9,23.99,89.99,58.99,5.91,-60.089999999999996,-29.090000000000003,16,10.09125,316.93999999999994
2018-03-01,health_beauty,29.9,23.99,83.74,58.99,5.91,-53.839999999999996,-29.090000000000003,11,11.43454545,203.12000004999996
2018-04-01,health_beauty,29.9,29.9,79.99,58.99,0.0,-50.089999999999996,-29.090000000000003,22,10.10318182,435.52999996
2018-05-01,health_beauty,29.9,23.99,79.99,58.99,5.91,-50.089999999999996,-29.090000000000003,22,9.772727273,442.79999999399996
2018-06-01,health_beauty,29.9,23.99,79.99,58.99,5.91,-50.089999999999996,-29.090000000000003,7,11.50285714,128.78000002
2018-07-01,health_beauty,29.9,23.99,79.99,58.99,5.91,-50.089999999999996,-29.090000000000003,18,9.365555556,369.619999992
2018-08-01,health_beauty,29.9,23.99,82.82142857,58.99,5.91,-52.921428569999996,-29.090000000000003,13,9.553076923,264.510000001
2017-03-01,watches_gifts,241.006,241.006,241.006,241.006,0.0,0.0,0.0,5,21.318,1098.44
2017-04-01,watches_gifts,255.61,255.61,255.61,255.61,0.0,0.0,0.0,3,21.22666667,703.1499999900001
2017-06-01,watches_gifts,185.0,163.0,185.0,185.0,22.0,0.0,0.0,5,14.74,851.3
2017-07-01,watches_gifts,197.383,161.5909091,197.383,197.383,35.792090900000005,0.0,0.0,10,16.606,1807.7700000000002
2017-08-01,watches_gifts,179.9,160.6692308,179.9,179.9,19.230769199999997,0.0,0.0,15,14.92666667,2474.59999995
2017-09-01,watches_gifts,164.57,148.7785714,164.57,164.57,15.791428599999989,0.0,0.0,20,19.528,2900.84
2017-10-01,watches_gifts,232.49,134.9,232.49,232.49,97.59,0.0,0.0,4,14.2125,873.11
2017-11-01,watches_gifts,174.4333333,133.0,108.0,174.4333333,41.43333329999999,66.43333329999999,0.0,18,20.99277778,2761.92999936
2017-12-01,watches_gifts,185.96,149.0,108.0,185.96,36.96000000000001,77.96000000000001,0.0,5,18.686,836.37
2018-01-01,watches_gifts,199.0,199.0,108.0,199.0,0.0,91.0,0.0,2,21.88,354.24
2018-02-01,watches_gifts,182.0,128.2416667,108.0,182.0,53.758333300000004,74.0,0.0,6,19.33,976.0200000000001
2018-03-01,watches_gifts,151.8784375,117.4412903,105.6428571,151.8784375,34.437147199999984,46.23558039999999,0.0,32,20.31375,4210.07
2018-04-01,watches_gifts,150.1333333,105.648625,105.0,150.1333333,44.48470830000001,45.133333300000004,0.0,9,19.44777778,1176.16999968
2018-05-01,watches_gifts,132.53125,103.7925234,105.0,132.53125,28.738726600000007,27.53125,0.0,32,15.7621875,3736.61
2018-06-01,watches_gifts,138.22,119.0,105.0,138.22,19.22,33.22,0.0,15,16.108,1831.6799999999998
2018-07-01,watches_gifts,155.0,118.3636364,105.0,155.0,36.636363599999996,50.0,0.0,2,16.47,277.06
2018-08-01,watches_gifts,145.5509091,112.0,105.0,145.5509091,33.55090910000001,40.55090910000001,0.0,11,21.89727273,1360.1900000700002
2017-11-01,computers_accessories,109.9,149.99,109.9,109.9,-40.09,0.0,0.0,1,15.52,94.38000000000001
2017-12-01,computers_accessories,109.9,149.99,109.9,109.9,-40.09,0.0,0.0,12,25.24916667,1015.8099999600001
2018-01-01,computers_accessories,97.6425,156.5113514,150.3545455,97.6425,-58.8688514,-52.7120455,0.0,29,14.84655172,2401.08250012
2018-02-01,computers_accessories,78.7122807,149.0,149.9,78.7122807,-70.2877193,-71.18771930000001,0.0,71,14.53591549,4556.52192991
2018-03-01,computers_accessories,81.02391304,136.1428571,149.9,81.02391304,-55.11894405999999,-68.87608696000001,0.0,27,18.22148148,1695.6656521199998
2018-04-01,computers_accessories,80.66666667,120.9230769,149.9,80.66666667,-40.25641023,-69.23333333000001,0.0,13,18.17230769,812.42666674
2018-05-01,computers_accessories,79.8,119.0,149.9,79.8,-39.2,-70.10000000000001,0.0,11,14.41454545,719.2400000499999
2018-06-01,computers_accessories,78.9,114.4911538,149.9,78.9,-35.5911538,-71.0,0.0,10,17.328,615.72
2018-07-01,computers_accessories,77.9,119.99,149.9,77.9,-42.08999999999999,-72.0,0.0,7,14.63857143,442.82999999000003
2018-08-01,computers_accessories,77.9,119.99,149.9,77.9,-42.08999999999999,-72.0,0.0,2,13.415,128.97000000000003
2017-10-01,bed_bath_table,45.9,89.9,45.9,45.95,-44.00000000000001,0.0,-0.05000000000000426,29,13.88241379,928.51000009
2017-11-01,bed_bath_table,44.15444444,89.9,44.15444444,40.53181818,-45.74555556000001,0.0,3.622626259999997,32,13.95875,966.2622220799999
2017-12-01,bed_bath_table,45.9,88.48823529,45.9,39.99,-42.58823529000001,0.0,5.909999999999997,12,13.6875,386.54999999999995
2018-01-01,bed_bath_table,45.9,86.9,45.9,39.99,-41.00000000000001,0.0,5.909999999999997,19,14.18210526,602.6400000599999
2018-02-01,bed_bath_table,45.9,86.9,45.9,39.99,-41.00000000000001,0.0,5.909999999999997,16,12.1725,539.64
2018-03-01,bed_bath_table,47.9,86.9,47.9,39.99,-39.00000000000001,0.0,7.909999999999997,8,15.22625,261.39
2018-04-01,bed_bath_table,47.9,85.045,47.9,39.99,-37.145,0.0,7.909999999999997,7,19.08428571,201.71000003
2018-05-01,bed_bath_table,47.9,83.64961538,47.9,39.99,-35.74961538,0.0,7.909999999999997,2,12.055,71.69
2018-06-01,bed_bath_table,47.9,79.9,47.9,39.99,-32.00000000000001,0.0,7.909999999999997,4,12.6375,141.05
2018-07-01,bed_bath_table,47.9,77.93333333,47.9,39.99,-30.033333329999998,0.0,7.909999999999997,2,24.69,46.419999999999995
2017-05-01,bed_bath_table,215.0,89.9,215.0,45.95,125.1,0.0,169.05,1,8.76,206.24
2017-06-01,bed_bath_table,209.0,89.9,209.0,45.95,119.1,0.0,163.05,10,21.322,1876.78
2017-07-01,bed_bath_table,205.0,89.9,205.0,45.95,115.1,0.0,159.05,59,22.1959322,10785.440000199998
2017-08-01,bed_bath_table,199.5098039,89.9,199.5098039,45.95,109.6098039,0.0,153.55980390000002,52,19.41288462,9365.03980256
2017-09-01,bed_bath_table,163.3987097,89.9,163.3987097,45.95,73.4987097,0.0,117.44870970000001,32,24.3246875,4450.3687104
